<?xml version="1.0" encoding="UTF-8"?>
<!-- This file is part of Klistret. Klistret is free software: you can redistribute 
	it and/or modify it under the terms of the GNU General Public License as 
	published by the Free Software Foundation, either version 3 of the License, 
	or (at your option) any later version. Klistret is distributed in the hope 
	that it will be useful, but WITHOUT ANY WARRANTY; without even the implied 
	warranty of MERCHANTABILITY or FITNESS FOR A PARTICULAR PURPOSE. See the 
	GNU General Public License for more details. You should have received a copy 
	of the GNU General Public License along with Klistret. If not, see <http://www.gnu.org/licenses/> -->
<beans xmlns="http://www.springframework.org/schema/beans"
	xmlns:xsi="http://www.w3.org/2001/XMLSchema-instance" xmlns:aop="http://www.springframework.org/schema/aop"
	xmlns:task="http://www.springframework.org/schema/task" xmlns:si="http://www.springframework.org/schema/integration"
	xmlns:int-jmx="http://www.springframework.org/schema/integration/jmx"
	xmlns:context="http://www.springframework.org/schema/context"
	xsi:schemaLocation="http://www.springframework.org/schema/beans 
		http://www.springframework.org/schema/beans/spring-beans-3.1.xsd 
		http://www.springframework.org/schema/task
		http://www.springframework.org/schema/task/spring-task-3.1.xsd
		http://www.springframework.org/schema/integration 
		http://www.springframework.org/schema/integration/spring-integration-2.0.xsd 
		http://www.springframework.org/schema/aop 
		http://www.springframework.org/schema/aop/spring-aop-3.1.xsd
		http://www.springframework.org/schema/integration/jmx 
		http://www.springframework.org/schema/integration/jmx/spring-integration-jmx-2.0.xsd
		http://www.springframework.org/schema/context 
		http://www.springframework.org/schema/context/spring-context-3.1.xsd">

	<!-- Integration CRUD channel (dump messagess from AOP) -->
	<si:publish-subscribe-channel id="crudElementChannel"
		task-executor="elementExecutor" />
	<si:publish-subscribe-channel id="crudRelationChannel"
		task-executor="relationExecutor" />

	<!-- JMX monitor -->
	<int-jmx:mbean-export default-domain="se.klistret"
		server="mbeanServer" />

	<bean id="mbeanServer" class="org.springframework.jmx.support.MBeanServerFactoryBean">
		<property name="locateExistingServerIfPossible" value="true" />
	</bean>

	<!-- Task executer -->
	<task:executor id="elementExecutor" pool-size="5-10"
		queue-capacity="20" rejection-policy="CALLER_RUNS" />
	<task:executor id="relationExecutor" pool-size="5-10"
		queue-capacity="20" rejection-policy="CALLER_RUNS" />

	<!-- Core subscribers -->
	<si:service-activator input-channel="crudElementChannel"
		ref="cascadeRelations" method="receive" />


	<bean id="cascadeRelations" class="com.klistret.cmdb.aspect.crud.delete.CascadeRelations">
		<property name="relationService" ref="relationService" />
	</bean>

	<!-- Integration CRUD functions (EDA) and the AOP helper for Core publishers -->
	<bean id="elementIntegration" class="com.klistret.cmdb.aspect.crud.ElementIntegration">
		<property name="channel" ref="crudElementChannel" />
	</bean>
	<bean id="relationIntegration" class="com.klistret.cmdb.aspect.crud.RelationIntegration">
		<property name="channel" ref="crudRelationChannel" />
	</bean>

	<!-- Note: order must be less than that of the Spring TX manager -->
	<aop:config>
		<aop:aspect ref="elementIntegration" order="200">
			<aop:pointcut id="createElementPointcut"
				expression="execution(* com.klistret.cmdb.service.ElementService.create(..))" />
			<aop:pointcut id="updateElementPointcut"
				expression="execution(* com.klistret.cmdb.service.ElementService.update(..))" />
			<aop:pointcut id="deleteElementPointcut"
				expression="execution(* com.klistret.cmdb.service.ElementService.delete(..))" />
			<aop:pointcut id="readElementPointcut"
				expression="execution(* com.klistret.cmdb.service.ElementService.read(..))" />

			<aop:around method="transmit" pointcut-ref="createElementPointcut" />
			<aop:around method="transmit" pointcut-ref="updateElementPointcut" />
			<aop:around method="transmit" pointcut-ref="deleteElementPointcut" />
			<aop:around method="transmit" pointcut-ref="readElementPointcut" />
		</aop:aspect>
	</aop:config>


	<aop:config>
		<aop:aspect ref="relationIntegration" order="200">
			<aop:pointcut id="createRelationPointcut"
				expression="execution(* com.klistret.cmdb.service.RelationService.create(..))" />
			<aop:pointcut id="updateRelationPointcut"
				expression="execution(* com.klistret.cmdb.service.RelationService.update(..))" />
			<aop:pointcut id="deleteRelationPointcut"
				expression="execution(* com.klistret.cmdb.service.RelationService.delete(..))" />
			<aop:pointcut id="readRelationPointcut"
				expression="execution(* com.klistret.cmdb.service.RelationService.read(..))" />

			<aop:around method="transmit" pointcut-ref="createRelationPointcut" />
			<aop:around method="transmit" pointcut-ref="updateRelationPointcut" />
			<aop:around method="transmit" pointcut-ref="deleteRelationPointcut" />
			<aop:around method="transmit" pointcut-ref="readRelationPointcut" />
		</aop:aspect>
	</aop:config>
</beans>