<?xml version="1.0" encoding="UTF-8"?>
<!-- This file is part of Klistret. Klistret is free software: you can redistribute 
	it and/or modify it under the terms of the GNU General Public License as 
	published by the Free Software Foundation, either version 3 of the License, 
	or (at your option) any later version. Klistret is distributed in the hope 
	that it will be useful, but WITHOUT ANY WARRANTY; without even the implied 
	warranty of MERCHANTABILITY or FITNESS FOR A PARTICULAR PURPOSE. See the 
	GNU General Public License for more details. You should have received a copy 
	of the GNU General Public License along with Klistret. If not, see <http://www.gnu.org/licenses/> -->
<beans xmlns="http://www.springframework.org/schema/beans"
	xmlns:xsi="http://www.w3.org/2001/XMLSchema-instance" xmlns:context="http://www.springframework.org/schema/context"
	xsi:schemaLocation="
		http://www.springframework.org/schema/beans
		http://www.springframework.org/schema/beans/spring-beans-3.1.xsd
		http://www.springframework.org/schema/context
		http://www.springframework.org/schema/context/spring-context-3.1.xsd">


	<!-- Basic services to handle element, relations -->
	<bean id="elementService" class="com.klistret.cmdb.service.ElementServiceImpl">
		<property name="elementDAO" ref="elementDAO" />
	</bean>
	<bean id="elementTypeService" class="com.klistret.cmdb.service.ElementTypeServiceImpl">
		<property name="elementTypeDAO" ref="elementTypeDAO" />
	</bean>

	<bean id="relationService" class="com.klistret.cmdb.service.RelationServiceImpl">
		<property name="relationDAO" ref="relationDAO" />
	</bean>

	<bean id="relationTypeService" class="com.klistret.cmdb.service.RelationTypeServiceImpl">
		<property name="relationTypeDAO" ref="relationTypeDAO" />
	</bean>
	
	
	<!-- RestEasy providers -->
	<context:component-scan base-package="com.klistret.cmdb.utility.resteasy"
		use-default-filters="false">
		<context:include-filter type="annotation"
			expression="javax.ws.rs.ext.Provider" />
	</context:component-scan>


	<!-- Start up constraints to validate meta data -->
	<context:annotation-config />

	<bean id="elementTypeConstraint" class="com.klistret.cmdb.context.ElementTypeConstraint">
		<property name="elementTypeService" ref="elementTypeService" />
	</bean>

	<bean id="relationTypeConstraint" class="com.klistret.cmdb.context.RelationTypeConstraint">
		<property name="relationTypeService" ref="relationTypeService" />
	</bean>

</beans>