<?xml version="1.0" encoding="UTF-8"?>
<!-- This file is part of Klistret. Klistret is free software: you can redistribute 
	it and/or modify it under the terms of the GNU General Public License as 
	published by the Free Software Foundation, either version 3 of the License, 
	or (at your option) any later version. Klistret is distributed in the hope 
	that it will be useful, but WITHOUT ANY WARRANTY; without even the implied 
	warranty of MERCHANTABILITY or FITNESS FOR A PARTICULAR PURPOSE. See the 
	GNU General Public License for more details. You should have received a copy 
	of the GNU General Public License along with Klistret. If not, see <http://www.gnu.org/licenses/> -->
<beans xmlns="http://www.springframework.org/schema/beans"
	xmlns:xsi="http://www.w3.org/2001/XMLSchema-instance"
	xsi:schemaLocation="http://www.springframework.org/schema/beans
	     http://www.springframework.org/schema/beans/spring-beans-3.1.xsd">

	<!-- DAO -->
	<bean id="elementTypeDAO" class="com.klistret.cmdb.dao.ElementTypeDAOImpl">
		<property name="sessionFactory" ref="sessionFactory" />
	</bean>
	<bean id="elementDAO" class="com.klistret.cmdb.dao.ElementDAOImpl">
		<property name="sessionFactory" ref="sessionFactory" />
	</bean>
	<bean id="relationDAO" class="com.klistret.cmdb.dao.RelationDAOImpl">
		<property name="sessionFactory" ref="sessionFactory" />
	</bean>
	<bean id="relationTypeDAO" class="com.klistret.cmdb.dao.RelationTypeDAOImpl">
		<property name="sessionFactory" ref="sessionFactory" />
	</bean>

	<bean id="sessionFactory"
		class="org.springframework.orm.hibernate3.LocalSessionFactoryBean">
		<property name="dataSource" ref="dataSource" />

		<property name="hibernateProperties">
			<props>
				<prop key="hibernate.dialect">
					${cmdb.hibernate.dialect}
				</prop>
				<prop key="hibernate.show_sql">
					true
				</prop>
				<prop key="hibernate.connection.isolation">
					1
				</prop>
				<prop key="hibernate.transaction.flush_before_completion">
					true
					</prop>
				<prop key="hibernate.connection.release_mode">
					auto
					</prop>
				<prop key="hibernate.cache.use_second_level_cache">
					true
				</prop>
				<prop key="hibernate.cache.region.factory_class">
					net.sf.ehcache.hibernate.EhCacheRegionFactory
				</prop>
				<prop key="net.sf.ehcache.configurationResourceName">
					ehcache.xml
				</prop>
			</props>
		</property>

		<property name="mappingResources">
			<list>
				<value>
					Element.hbm.xml
				</value>
				<value>
					ElementType.hbm.xml
				</value>
				<value>
					Relation.hbm.xml
				</value>
				<value>
					RelationType.hbm.xml
				</value>
			</list>
		</property>
	</bean>

	<!-- Development Hibernate beans (data source) -->
	<beans profile="development">
		<bean id="dataSource"
			class="org.springframework.jdbc.datasource.DriverManagerDataSource">
			<property name="driverClassName">
				<value>${cmdb.database.driver}</value>
			</property>
			<property name="url">
				<value>${cmdb.database.url}</value>
			</property>
			<property name="username">
				<value>${cmdb.database.user}</value>
			</property>
			<property name="password">
				<value>${cmdb.database.password}</value>
			</property>
		</bean>
	</beans>

	<!-- Live Hibernate beans (data source) -->
	<beans profile="production">
		<bean id="dataSource" class="org.springframework.jndi.JndiObjectFactoryBean">
			<property name="jndiName">
				<value>${cmdb.datasource.name}</value>
			</property>
		</bean>
	</beans>
</beans>