<?xml version="1.0" encoding="UTF-8"?>
<!-- This file is part of Klistret. Klistret is free software: you can redistribute 
	it and/or modify it under the terms of the GNU General Public License as 
	published by the Free Software Foundation, either version 3 of the License, 
	or (at your option) any later version. Klistret is distributed in the hope 
	that it will be useful, but WITHOUT ANY WARRANTY; without even the implied 
	warranty of MERCHANTABILITY or FITNESS FOR A PARTICULAR PURPOSE. See the 
	GNU General Public License for more details. You should have received a copy 
	of the GNU General Public License along with Klistret. If not, see <http://www.gnu.org/licenses/> -->
<beans xmlns="http://www.springframework.org/schema/beans"
	xmlns:xsi="http://www.w3.org/2001/XMLSchema-instance" xmlns:aop="http://www.springframework.org/schema/aop"
	xmlns:tx="http://www.springframework.org/schema/tx"
	xsi:schemaLocation="http://www.springframework.org/schema/beans
	    http://www.springframework.org/schema/beans/spring-beans-3.1.xsd
	    http://www.springframework.org/schema/tx
	    http://www.springframework.org/schema/tx/spring-tx-3.1.xsd
		http://www.springframework.org/schema/aop 
     	http://www.springframework.org/schema/aop/spring-aop-3.1.xsd">

	<!-- Use AOP to pick out specific classes -->
	<aop:config>
		<aop:pointcut id="serviceOperation"
			expression="execution(* com.klistret.cmdb.service.*Service.*(..))" />
		<aop:advisor advice-ref="txAdvice" pointcut-ref="serviceOperation" />
	</aop:config>


	<!-- TX advice (transaction info per method) -->
	<tx:advice id="txAdvice" transaction-manager="transactionManager">
		<tx:attributes>
			<tx:method name="get" propagation="REQUIRED" timeout="20"
				read-only="true" />
			<tx:method name="find" propagation="REQUIRED" timeout="20"
				read-only="true" />
			<tx:method name="aggregate" propagation="REQUIRED" timeout="20"
				read-only="true" />
			<tx:method name="count" propagation="REQUIRED" timeout="20"
				read-only="true" />
			<tx:method name="unique" propagation="REQUIRED" timeout="20"
				read-only="true" />
			<tx:method name="cascade" propagation="REQUIRED" timeout="20" />
			<tx:method name="update" propagation="REQUIRED" timeout="20" />
			<tx:method name="create" propagation="REQUIRED" timeout="20" />
			<tx:method name="delete" propagation="REQUIRED" timeout="20" />
		</tx:attributes>
	</tx:advice>

	<!-- Transaction manager for Hibernate through Spring -->
	<beans profile="development">
		<bean id="transactionManager"
			class="org.springframework.orm.hibernate3.HibernateTransactionManager">
			<property name="sessionFactory" ref="sessionFactory" />
		</bean>
	</beans>

	<!-- TODO: would be 10 times better if this was a variable -->
	<beans profile="production">
		<bean id="transactionManager"
			class="org.springframework.orm.hibernate3.HibernateTransactionManager">
			<property name="sessionFactory" ref="sessionFactory" />
		</bean>
	</beans>
</beans>