<?xml version="1.0" encoding="UTF-8"?>
<!-- This file is part of Klistret. Klistret is free software: you can redistribute 
	it and/or modify it under the terms of the GNU General Public License as 
	published by the Free Software Foundation, either version 3 of the License, 
	or (at your option) any later version. Klistret is distributed in the hope 
	that it will be useful, but WITHOUT ANY WARRANTY; without even the implied 
	warranty of MERCHANTABILITY or FITNESS FOR A PARTICULAR PURPOSE. See the 
	GNU General Public License for more details. You should have received a copy 
	of the GNU General Public License along with Klistret. If not, see <http://www.gnu.org/licenses/> -->
<beans xmlns="http://www.springframework.org/schema/beans"
	xmlns:si="http://www.springframework.org/schema/integration" xmlns:xsi="http://www.w3.org/2001/XMLSchema-instance"
	xsi:schemaLocation="http://www.springframework.org/schema/beans
           http://www.springframework.org/schema/beans/spring-beans-3.1.xsd
           http://www.springframework.org/schema/integration 
           http://www.springframework.org/schema/integration/spring-integration-2.0.xsd">

	<bean id="taxonomyService" class="com.klistret.cmdb.service.TaxonomyServiceImpl">
		<property name="url" value="classpath:taxonomy.xml" />
	</bean>

	<bean id="identificationService" class="com.klistret.cmdb.service.IdentificationServiceImpl">
		<property name="url" value="classpath:identification.xml" />
		<property name="elementService" ref="elementService" />
	</bean>

	<!-- Ivy plugin -->
	<beans profile="ivy">
		<!-- Ivy registration -->
		<bean id="ivyService" class="com.klistret.cmdb.service.IvyServiceImpl">
			<property name="elementService" ref="elementService" />
			<property name="elementTypeService" ref="elementTypeService" />
			<property name="relationService" ref="relationService" />
			<property name="relationTypeService" ref="relationTypeService" />
		</bean>

		<!-- Update Ivy status metadata for Software -->
		<si:service-activator input-channel="crudElementChannel"
			ref="ivySoftwareDispatcher" method="updateStatus" />

		<!-- Ivy CRUD dispatcher -->
		<bean id="ivySoftwareDispatcher" class="com.klistret.cmdb.ivy.aspect.IvySoftwareDispatcher">
			<property name="elementService" ref="elementService" />
		</bean>
	</beans>
</beans>
