<?xml version="1.0" encoding="UTF-8"?>
<Blueprint xmlns="http://www.klistret.com/cmdb/taxonomy">
	<Taxonomy Name="Application">
		<Granularity Name="Basic">
			<Element
				Type="{http://www.klistret.com/cmdb/ci/element/system}Application">
				<Relation Type="{http://www.klistret.com/cmdb/ci/relation}Composition"
					Destination="{http://www.klistret.com/cmdb/ci/element/component/software}ASoftware" />
				<Property
					Type="{http://www.klistret.com/cmdb/ci/element/context}Environment">
					<Expression>declare namespace
						pojo="http://www.klistret.com/cmdb/ci/pojo"; declare namespace
						element="http://www.klistret.com/cmdb/ci/element";
						/pojo:Element/pojo:configuration/element:Environment</Expression>
				</Property>
			</Element>
		</Granularity>
		<Granularity Name="J2EE" Extension="Basic">
			<Element
				Type="{http://www.klistret.com/cmdb/ci/element/system}Application">
				<Relation Type="{http://www.klistret.com/cmdb/ci/relation}Dependency"
					Destination="{http://www.klistret.com/cmdb/ci/element/system/computerSystem}VirtualSystem" />
			</Element>
		</Granularity>
	</Taxonomy>
</Blueprint>